PullTimeUTC,ASIN,Title,Brand,Manufacturer,Model,ProductGroup,AmazonPrice,NewPrice,BuyBoxPrice,CurrentBSR,Avg30DayBSR,Avg90DayBSR,Avg30DayNewPrice,Avg90DayNewPrice,ReviewCount,Rating,RootCategory,CategoryRankCount,PackageQuantity,ListedSinceUTC,LastUpdateUTC,LastPriceChangeUTC,ImageURL
2026-10-01 09:50:47,B0D5CY66L5,"Bumble Kitchen Towels (6-Pack), 16""x28"", 100% Cotton, Multicoloured Checked",Bumble Towels,Bumble Towels,4045-ML,,,25.99,,324,430,523,26.17,26.12,,,1055398,2,-1,2024-05-28 07:38:00,2026-10-01 09:07:00,2026-09-28 08:51:00,
2026-10-01 09:50:47,B07QYP49RP,"Bumble Kitchen Towels (6-Pack), 16""x28"", 100% Cotton Dish Towels - Black",Bumble Towels,BUMBLE TOWELS,4006-BL,,,25.99,,324,427,522,24.77,25.25,,,1055398,4,1,2019-04-22 07:00:00,2026-10-01 08:10:00,2026-09-28 07:47:00,
2026-10-01 09:50:47,B0D54JMSBY,"Bumble Kitchen Towels (6-Pack), 16""x28"", 100% Cotton Dish Towels - Tan",Bumble Towels,Bumble Towels,4044-TN,,,25.99,,316,426,530,26.19,26.12,,,1055398,3,1,2024-05-24 14:27:00,2026-10-01 09:17:00,2026-09-29 02:35:00,
2026-10-01 09:50:47,B0D6GRWCC3,"Premium Kitchen Towels 6 Pack 100% Cotton, 20""x28"" Dish Towels - Black",Bumble Towels,Bumble Towels,,,,,,128,171,175,26.16,26.35,,,1055398,3,-1,2024-06-07 14:38:00,2026-09-30 19:44:00,2026-09-30 03:32:00,
2026-10-01 09:50:47,B08KHRYFFK,"Bumble Kitchen Towels (6-Pack), 16""x28"", 100% Cotton Dish Towels - Red",Bumble Towels,BUMBLE TOWELS,4006-RD,,,25.99,,316,425,524,24.79,25.27,,,1055398,4,1,2019-04-22 07:00:00,2026-10-01 09:07:00,2026-09-28 07:47:00,
2026-10-01 09:50:47,B08DV9L919,"Premium Kitchen Towels 6 Pack 100% Cotton, 20""x28"" Dish Towels - Red",Bumble Towels,Bumble Towels,,,,24.98,,128,171,176,25.8,25.72,,,1055398,5,1,2020-07-02 10:49:00,2026-10-01 09:25:00,2026-09-22 13:22:00,
2026-10-01 10:10:33,B00TT4SWDA,BUMBLE CRAFTS Kids Apron - Pack of 12 | Canvas - Natural Cotton | Bulk Toddler Craft Aprons for Ages 5 & Under | Small White (12.5” x 19”),BUMBLE CRAFTS,,2503,,,30.99,,120558,122811,121934,30.99,30.99,,,1055398,4,1,2015-02-19 22:21:00,2026-10-01 10:10:00,2026-03-06 03:34:00,
2026-10-01 10:10:33,B07B128C4S,Bumble Deluxe Bar Towels | 16” x 19” Premium Bar Mop for Kitchen | Super Absorbent Kitchen Towels | 100% Cotton Heavy Weight 2-ply Yarn | Ribbed Weave (12 Pack) (SPA),Bumble Towels,Bumble Towels,,,,20.99,,81024,103276,84224,20.99,18.52,,,1055398,5,1,2018-02-23 11:40:00,2026-10-01 10:10:00,2026-08-31 20:39:00,
2026-10-01 10:10:33,B07BF6TJJ3,"Luxury Bath Towels 4 Pack 650 GSM, 34""x56"" Bath Towels Large - White",Bumble Towels,Bumble Towels,,,,59.99,,90384,63562,58797,60.99,60.05,,,1055398,5,1,2018-02-09 08:00:00,2026-10-01 10:09:00,2026-10-01 08:23:00,
2026-10-01 10:10:33,B07BF85XK6,"Luxury Bath Towels 4 Pack 650 GSM, 34""x56"" Bath Towels Large - Denim",Bumble Towels,Bumble Towels,9040-D,,,59.99,,95533,63229,58366,61.18,60.11,,,1055398,6,1,2018-02-09 08:00:00,2026-10-01 09:21:00,2026-10-01 09:21:00,
2026-10-01 10:10:33,B07BF925Q8,"Luxury Bath Towels 4 Pack 650 GSM, 34""x56"" Bath Towels Large - Mocha",Bumble Towels,Bumble Towels,9040-MO,,,59.99,,90390,62983,59058,61.02,60.33,,,1055398,6,1,2018-02-09 08:00:00,2026-10-01 09:21:00,2026-10-01 09:21:00,
2026-10-01 10:10:33,B07BFD4R6X,"Luxury Bath Towels 4 Pack 650 GSM, 34""x56"" Bath Towels Large - Grey",Bumble Towels,Bumble Towels,9040-S,,,59.99,,95542,63383,58797,61.06,60.39,,,1055398,6,1,2018-02-09 08:00:00,2026-10-01 10:10:00,2026-10-01 08:23:00,
2026-10-01 10:10:33,B07KYW9558,"Luxury Bath Towels 4 Pack 650 GSM, 34""x56"" Bath Towels Large - Dark Grey",Bumble Towels,Bumble Towels,,,,59.99,,90390,63370,58604,61.06,60.11,,,1055398,6,1,2018-02-09 08:00:00,2026-10-01 10:09:00,2026-10-01 08:23:00,
2026-10-01 10:10:33,B07M5V332T,"Bumble Kitchen Towels 6 Pack 100% Cotton Dish Towels, 16""x26"" - Tan",Bumble Towels,Bumble Towels,4008-TA,,,25.99,,1917,1718,1789,25.68,25.96,,,1055398,4,1,2018-12-24 08:00:00,2026-10-01 10:10:00,2026-09-07 08:20:00,
2026-10-01 10:10:33,B07M9LFFS8,"Bumble Kitchen Towels 6 Pack 100% Cotton Dish Towels - 16""x26"" - Blue",Bumble Towels,Bumble Towels,4008-BL,,,25.99,,1916,1718,1794,25.69,25.67,,,1055398,4,1,2018-12-24 08:00:00,2026-10-01 10:10:00,2026-09-07 14:37:00,
2026-10-01 10:10:33,B07MNGP42J,"Bumble Kitchen Towels 6 Pack 100% Cotton Dish Towels - 16""x26"" - Grey",Bumble Towels,Bumble Towels,4008-GR,,,25.99,,1917,1719,1793,25.68,25.95,,,1055398,4,1,2018-12-24 08:00:00,2026-10-01 10:10:00,2026-09-07 09:19:00,
2026-10-01 10:10:33,B07P5TXVM2,"Bumble Kitchen Towels 6 Pack 100% Cotton 16""x26"" - Red Solid",Bumble Towels,Bumble Towels,4010-RD,,,19.99,,153228,195091,180504,19.99,19.98,,,1055398,5,-1,2019-02-27 17:35:00,2026-10-01 08:23:00,2026-07-20 17:16:00,
2026-10-01 10:10:33,B07QWMR736,"Bumble Kitchen Towels (6-Pack), 16""x28"", 100% Cotton Dish Towels - Gray",Bumble Towels,BUMBLE TOWELS,4006-GY,,,23.99,,316,426,522,23.74,24.01,,,1055398,4,1,2019-04-22 07:00:00,2026-10-01 09:25:00,2026-09-28 08:51:00,
2026-10-01 10:10:33,B07QXLSQ33,"Bumble Kitchen Towels 6 Pack 100% Cotton Dish Towels, 16""x26"" - Tan",Bumble Towels,Bumble Towels,NOVASAT-14010-14-6,,,25.99,,1916,1726,1794,25.68,25.71,,,1055398,3,1,2019-04-22 07:00:00,2026-10-01 08:19:00,2026-09-07 08:48:00,
2026-10-01 10:10:33,B07QYP49RP,"Bumble Kitchen Towels (6-Pack), 16""x28"", 100% Cotton Dish Towels - Black",Bumble Towels,BUMBLE TOWELS,4006-BL,,,25.99,,324,427,522,24.77,25.25,,,1055398,4,1,2019-04-22 07:00:00,2026-10-01 10:09:00,2026-09-28 07:47:00,
2026-10-01 10:10:33,B07QZT3ST7,"Bumble Kitchen Towels 6 Pack 100% Cotton Dish Towels, 16""x26"" - Blue",Bumble Towels,Bumble Towels,4002-BL,,,25.99,,1916,1723,1792,24.01,24.7,,,1055398,4,1,2019-04-22 07:00:00,2026-10-01 08:19:00,2026-09-30 08:04:00,
2026-10-01 10:10:33,B07R1ZBWSB,"Bumble Kitchen Towels (6-Pack), 16""x28"", 100% Cotton Dish Towels - Tan",Bumble Towels,BUMBLE TOWELS,4006-TA,,,25.99,,316,425,521,24.79,25.25,,,1055398,4,1,2019-04-22 07:00:00,2026-10-01 10:09:00,2026-09-28 08:51:00,
2026-10-01 10:10:33,B07R2Q6VTQ,"Bumble Kitchen Towels 6 Pack 100% Cotton Dish Towels, 16""x26"" - Grey",Bumble Towels,Bumble Towels,4002-GY,,,25.99,,1917,1714,1790,25.69,25.95,,,1055398,3,1,2019-04-22 07:00:00,2026-10-01 08:47:00,2026-09-07 07:17:00,
2026-10-01 10:10:33,B07YN8PL2N,"Bumble Kitchen Towels (6-Pack), 16""x25"", 100% Cotton, Dish Towels Red",Bumble Towels,Bumble Towels,4014-RD,,,24.99,,15165,13165,14532,24.99,25.04,,,1055398,6,0,2019-10-02 07:00:00,2026-09-30 19:39:00,2026-08-26 17:09:00,
2026-10-01 10:10:33,B07YN8TWD2,"Bumble Kitchen Towels (6-Pack), 16""x25"", 100% Cotton, Dish Towels Gray",Bumble Towels,Bumble Towels,4014-GR,,,24.99,,15165,13208,14550,24.77,21.58,,,1055398,6,1,2019-10-02 07:00:00,2026-10-01 08:58:00,2026-09-02 17:04:00,
2026-10-01 10:10:33,B07YN8WYD6,"Bumble Kitchen Towels (6-Pack), 16""x25"", 100% Cotton, Dish Towels Aqua",Bumble Towels,Bumble Towels,4014-AQ,,,22.99,,15165,13200,14431,23.43,23.13,,,1055398,6,1,2019-10-02 07:00:00,2026-09-30 13:52:00,2026-09-09 04:40:00,
2026-10-01 10:10:33,B07YVHG44K,"Premium Kitchen Towels 6 Pack 100% Cotton, 20""x28"" Dish Towels - Aqua",Bumble Towels,Bumble Towels,4018-AQ,,,25.98,,125,171,176,26.07,26.11,,,1055398,5,1,2019-10-08 07:00:00,2026-10-01 09:57:00,2026-09-22 08:18:00,
2026-10-01 10:10:33,B07YVJ3SWJ,"Premium Kitchen Towels 6 Pack 100% Cotton, 20""x28"" Dish Towels - Grey",Bumble Towels,Bumble Towels,4018-GY,,,22.98,,128,171,176,23.83,23.08,,,1055398,5,1,2019-10-08 07:00:00,2026-10-01 09:28:00,2026-09-22 09:27:00,
2026-10-01 10:10:33,B081NWLZQW,"Premium Kitchen Towels (16”x 28”, 6 Pack) – Large Cotton Kitchen Hand Towels – Weft Insert Design – 380 GSM Highly Absorbent Tea Towels Set with Hanging Loop (Navy Blue)",Bumble Towels,Bumble Towels,4017-NB,,,,,579463,664437,658700,19.99,19.99,,,1055398,5,0,2019-11-18 18:14:00,2026-09-29 19:21:00,2026-09-17 01:39:00,
2026-10-01 10:10:33,B088335LSM,"Bumble Kitchen Towels (6-Pack), 16""x28"", 100% Cotton Dish Towels - Aqua",Bumble Towels,BUMBLE TOWELS,4006-AQ,,,23.99,,316,428,524,23.73,24.27,,,1055398,4,1,2019-04-22 07:00:00,2026-10-01 10:09:00,2026-09-28 07:47:00,
2026-10-01 10:10:33,B08BWWG87L,"Luxury Bath Towels 4 Pack 650 GSM, 34""x56"" Bath Towels Large - Sky Blue",Bumble Towels,Bumble Towels,,,,66.99,,90390,60850,57930,63.91,61.04,,,1055398,5,1,2019-01-25 08:00:00,2026-10-01 08:19:00,2026-09-27 08:10:00,
2026-10-01 10:10:33,B08CVC1447,"Pleasant Home 6 Pack Hand Towels Set – 16” x 28” | 100% Cotton | 500 GSM | Professional Bath Towels Use for Hotels, Hospitality, Spas, Salons | Lightweight & Durable | Bath Towels Set | Navy",PH Pleasant Home,PH Pleasant Home,,,,17.99,,1893272,1539693,1686611,17.99,17.99,,,1055398,6,-1,2020-07-13 08:10:00,2026-09-28 18:04:00,2026-05-08 05:32:00,
2026-10-01 10:10:33,B08DV991BD,"Premium Kitchen Towels 6 Pack 100% Cotton, 20""x28"" Dish Towels - Tan",Bumble Towels,Bumble Towels,4018-TA,,,24.98,,128,171,176,25.84,25.65,,,1055398,5,1,2020-07-02 10:49:00,2026-10-01 10:07:00,2026-09-22 17:51:00,
2026-10-01 10:10:33,B08DV9L919,"Premium Kitchen Towels 6 Pack 100% Cotton, 20""x28"" Dish Towels - Red",Bumble Towels,Bumble Towels,,,,24.98,,128,171,176,25.8,25.72,,,1055398,5,1,2020-07-02 10:49:00,2026-10-01 09:25:00,2026-09-22 13:22:00,
2026-10-01 10:10:33,B08DV9PRT2,"Premium Kitchen Towels 6 Pack 100% Cotton, 20""x28"" Dish Towels - Sage",Bumble Towels,Bumble Towels,,,,24.98,,128,171,176,25.78,25.63,,,1055398,5,1,2020-07-02 10:49:00,2026-10-01 09:25:00,2026-09-22 11:20:00,
2026-10-01 10:10:33,B08DVBMXXW,"Premium Kitchen Towels 6 Pack 100% Cotton, 20""x28"" Dish Towels - Navy Blue",Bumble Towels,Bumble Towels,,,,25.98,,125,171,176,26.08,26.15,,,1055398,5,1,2020-07-02 10:49:00,2026-10-01 09:24:00,2026-09-22 08:18:00,
2026-10-01 10:10:33,B08G1CSJC2,"Premium Kitchen Towels 6 Pack 100% Cotton 20""x28"" Dish Towels - Sage Wide",Bumble Towels,Bumble Towels,,,,24.98,,125,171,176,25.1,25.06,,,1055398,5,1,2022-05-10 18:17:00,2026-10-01 09:24:00,2026-09-22 07:15:00,
2026-10-01 10:10:33,B08G1DDD4X,"Premium Kitchen Towels 6 Pack 100% Cotton 20""x28"" Dish Towels - Red Wide",Bumble Towels,Bumble Towels,sa-vfbv-54,,,24.98,,128,171,176,25.15,25.1,,,1055398,5,1,2022-05-10 18:20:00,2026-10-01 09:24:00,2026-09-22 15:24:00,
2026-10-01 10:10:33,B08G1DLKQB,"Premium Kitchen Towels 6 Pack 100% Cotton, 20""x28"" Dish Towels - Grey Check",Bumble Towels,Bumble Towels,,,,24.98,,128,171,176,25.79,25.44,,,1055398,5,1,2020-11-13 20:30:00,2026-10-01 10:10:00,2026-09-22 10:21:00,
2026-10-01 10:10:33,B08G1DLM7N,"Premium Kitchen Towels 6 Pack 100% Cotton 20""x28"" Dish Towels - Grey Wide",Bumble Towels,Bumble Towels,,,,24.98,,582,714,752,25.14,25.12,,,1055398,6,1,2020-11-13 20:31:00,2026-10-01 10:10:00,2026-09-22 12:22:00,
2026-10-01 10:10:33,B08G1DY5BV,"Premium Kitchen Towels 6 Pack 100% Cotton 20""x28"" Dish Towels Yellow Stripe",Bumble Towels,Bumble Towels,HT3,,,23.98,,125,172,176,25.48,24.91,,,1055398,6,1,2020-08-17 07:56:00,2026-10-01 10:10:00,2026-09-22 11:19:00,
2026-10-01 10:10:33,B08G1F2PFG,"Premium Kitchen Towels 6 Pack 100% Cotton 20""x28"" Dish Towels Red Striped",Bumble Towels,Bumble Towels,,,,24.98,,125,172,176,25.78,25.56,,,1055398,5,1,2020-08-17 07:56:00,2026-10-01 09:24:00,2026-09-22 10:18:00,
2026-10-01 10:10:33,B08G1F5JMQ,"Premium Kitchen Towels 6 Pack 100% Cotton 20""x28"" Dish Towels - Aqua Wide",Bumble Towels,Bumble Towels,,,,23.98,,587,717,751,24.81,24.62,,,1055398,7,1,2022-05-10 18:21:00,2026-10-01 09:27:00,2026-09-22 08:18:00,
2026-10-01 10:10:33,B08G1F7DZN,"Premium Kitchen Towels 6 Pack 100% Cotton 20""x28"" Dish Towels - Yellow Wide",Bumble Towels,Bumble Towels,,,,23.98,,128,171,176,24.83,24.7,,,1055398,5,1,2022-05-10 18:23:00,2026-10-01 10:10:00,2026-09-22 12:36:00,
2026-10-01 10:10:33,B08G1FFV96,"Premium Kitchen Towels 6 Pack 100% Cotton, 20""x28"" Dish Towels Lime Check",Bumble Towels,Bumble Towels,,,,24.98,,128,171,175,25.78,25.83,,,1055398,5,1,2020-08-17 08:13:00,2026-10-01 09:26:00,2026-09-22 08:18:00,
2026-10-01 10:10:33,B08G1FH467,"Premium Kitchen Towels 6 Pack 100% Cotton, 20""x28"" Dish Towels - Teal Check",Bumble Towels,Bumble Towels,,,,24.98,,125,171,176,25.82,25.84,,,1055398,5,1,2020-08-17 08:13:00,2026-10-01 09:25:00,2026-09-22 15:14:00,
2026-10-01 10:10:33,B08G1FT42S,"Premium Kitchen Towels 6 Pack 100% Cotton 20""x28"" Dish Towels Grey Striped",Bumble Towels,Bumble Towels,,,,23.98,,125,171,176,25.48,24.91,,,1055398,5,1,2020-08-17 07:56:00,2026-10-01 09:25:00,2026-09-22 08:18:00,
2026-10-01 10:10:33,B08G1G3W5J,"Premium Kitchen Towels 6 Pack 100% Cotton 20""x28"" Dish Towels Navy Striped",Bumble Towels,Bumble Towels,,,,24.98,,128,171,176,25.77,25.42,,,1055398,6,1,2020-08-17 07:56:00,2026-10-01 09:24:00,2026-09-22 08:18:00,
2026-10-01 10:10:33,B08G1G8Y1Q,"Premium Kitchen Towels 6 Pack 100% Cotton 20""x28"" Dish Towels Black Check",Bumble Towels,Bumble Towels,,,,23.98,,128,171,176,25.52,25.35,,,1055398,5,1,2020-08-17 08:13:00,2026-09-30 13:41:00,2026-09-22 14:36:00,
2026-10-01 10:10:33,B08G1JM3NS,"Premium Kitchen Towels 6 Pack 100% Cotton, 20""x28"" Dish Towels - Red Check",Bumble Towels,Bumble Towels,chu-fang-177,,,24.98,,125,171,176,25.78,25.63,,,1055398,6,1,2020-11-13 20:19:00,2026-10-01 07:20:00,2026-09-27 13:04:00,
2026-10-01 10:10:33,B08HLXPGZT,"Bumble Towels Bliss Luxury 2 Pack Banded Bath Mats - 22"" x 34"" - Premium Quality Bath Mat Set - 1000 GSM - Soft Combed Cotton, Absorbent (Sky Blue)",Bumble Towels,Bumble Towels,,,,21.99,,90384,61416,58070,21.99,21.98,,,1055398,7,0,2020-09-07 09:46:00,2026-10-01 08:19:00,2026-09-16 20:13:00,
2026-10-01 10:10:33,B08HM18F91,"Bumble Towels Bliss Luxury 2 Pack Banded Bath Mats - 22"" x 34"" - Premium Quality Bath Mat Set - 1000 GSM - Soft Combed Cotton, Absorbent (Mocha)",Bumble Towels,Bumble Towels,,,,21.99,,90384,61725,58048,21.99,21.99,,,1055398,7,1,2020-09-07 09:46:00,2026-09-30 22:52:00,2026-08-07 22:43:00,
2026-10-01 10:10:33,B08HS8GTDJ,"Pleasant Home Bath Towels Set of 6 (24” x 50”) 100% Cotton, Gray",PH Pleasant Home,PH Pleasant Home,1110-GY,,,33.99,,66122,81593,66373,33.99,33.99,,,1055398,4,1,2020-09-10 18:42:00,2026-09-30 13:47:00,2026-09-29 19:42:00,
2026-10-01 10:10:33,B08HS8J2GZ,"Pleasant Home Bath Towels Set of 6 (24” x 50”) 100% Cotton, White",PH Pleasant Home,PH Pleasant Home,1110-WH,,,33.99,,66122,81694,66599,33.99,33.99,,,1055398,4,1,2020-09-11 22:42:00,2026-09-30 19:25:00,2026-05-27 00:44:00,
2026-10-01 10:10:33,B08HS8WC6B,"Pleasant Home Bath Towels Set of 6 (24” x 50”) 100% Cotton, Navy",PH Pleasant Home,PH Pleasant Home,1110-NY,,,33.99,,66122,81679,66437,33.99,33.99,,,1055398,4,1,2020-09-10 18:42:00,2026-09-30 19:19:00,2026-06-06 13:42:00,
2026-10-01 10:10:33,B08KG34TRV,"Bumble Dish Cloths (8-Pack), 100% Cotton Kitchen Towels, 12""x12"" - Black",Bumble Towels,BUMBLE TOWELS,3065-BK,,,11.99,,316,429,526,11.98,12.06,,,1055398,4,1,2020-09-30 12:47:00,2026-10-01 08:11:00,2026-09-28 08:51:00,
2026-10-01 10:10:33,B08KG5TRHS,"Bumble Dish Cloths (8-Pack), 100% Cotton Kitchen Towels, 12""x12"" - Gray",Bumble Towels,BUMBLE TOWELS,3065-GY,,,11.99,,316,426,522,11.09,11.55,,,1055398,4,1,2020-09-30 12:47:00,2026-10-01 10:10:00,2026-09-28 07:45:00,
2026-10-01 10:10:33,B08KGDFY6Z,"Bumble Dish Cloths (8-Pack), 100% Cotton Kitchen Towels, 12""x12"" - Tan",Bumble Towels,BUMBLE TOWELS,3065-TA,,,11.99,,316,428,524,11.98,12.09,,,1055398,5,1,2020-09-30 05:47:00,2026-10-01 10:10:00,2026-09-28 08:23:00,
2026-10-01 10:10:33,B08KH2M9PJ,"Bumble Dish Cloths (8-Pack), 100% Cotton Kitchen Towels, 12""x12"" - Aqua",Bumble Towels,BUMBLE TOWELS,3065-AQ,,14.99,11.99,,316,428,524,11.98,12.09,,,1055398,5,1,2020-09-30 12:47:00,2026-10-01 09:41:00,2026-09-28 07:48:00,
2026-10-01 10:10:33,B08KHRYFFK,"Bumble Kitchen Towels (6-Pack), 16""x28"", 100% Cotton Dish Towels - Red",Bumble Towels,BUMBLE TOWELS,4006-RD,,,25.99,,316,425,524,24.79,25.27,,,1055398,4,1,2019-04-22 07:00:00,2026-10-01 10:09:00,2026-09-28 07:47:00,
2026-10-01 10:10:33,B08KJ5CD3M,"Bumble Kitchen Towels (6-Pack), 16""x25"", 100% Cotton, Dish Towels Tan",Bumble Towels,Bumble Towels,4014-TA,,,22.99,,15165,13192,14512,23.43,24.33,,,1055398,7,1,2019-10-02 21:54:00,2026-10-01 10:10:00,2026-09-08 02:11:00,
2026-10-02 02:02:46,B00TT4SWDA,BUMBLE CRAFTS Kids Apron - Pack of 12 | Canvas - Natural Cotton | Bulk Toddler Craft Aprons for Ages 5 & Under | Small White (12.5” x 19”),BUMBLE CRAFTS,,2503,,,30.99,,132044,123099,122145,30.99,30.99,,,1055398,4,1,2015-02-19 22:21:00,2026-10-02 02:02:00,2026-03-06 03:34:00,
2026-10-02 02:02:46,B07B128C4S,Bumble Deluxe Bar Towels | 16” x 19” Premium Bar Mop for Kitchen | Super Absorbent Kitchen Towels | 100% Cotton Heavy Weight 2-ply Yarn | Ribbed Weave (12 Pack) (SPA),Bumble Towels,Bumble Towels,,,,20.99,,88387,102956,84381,20.99,18.55,,,1055398,5,1,2018-02-23 11:40:00,2026-10-02 02:02:00,2026-08-31 20:39:00,
2026-10-02 02:02:46,B07BF6TJJ3,"Luxury Bath Towels 4 Pack 650 GSM, 34""x56"" Bath Towels Large - White",Bumble Towels,Bumble Towels,,,,59.99,,69420,64156,59119,60.99,60.05,,,1055398,5,1,2018-02-09 08:00:00,2026-10-02 02:02:00,2026-10-01 08:23:00,
2026-10-02 02:02:46,B07BF85XK6,"Luxury Bath Towels 4 Pack 650 GSM, 34""x56"" Bath Towels Large - Denim",Bumble Towels,Bumble Towels,9040-D,,,59.99,,69432,63704,58649,61.18,60.11,,,1055398,6,1,2018-02-09 08:00:00,2026-10-02 01:15:00,2026-10-01 09:21:00,
2026-10-02 02:02:46,B07BF925Q8,"Luxury Bath Towels 4 Pack 650 GSM, 34""x56"" Bath Towels Large - Mocha",Bumble Towels,Bumble Towels,9040-MO,,,59.99,,69432,63394,59322,61.02,60.33,,,1055398,6,1,2018-02-09 08:00:00,2026-10-02 02:02:00,2026-10-01 09:21:00,
2026-10-02 02:02:46,B07BFD4R6X,"Luxury Bath Towels 4 Pack 650 GSM, 34""x56"" Bath Towels Large - Grey",Bumble Towels,Bumble Towels,9040-S,,,59.99,,69470,63978,59122,61.02,60.39,,,1055398,6,1,2018-02-09 08:00:00,2026-10-02 02:02:00,2026-10-01 08:23:00,
2026-10-02 02:02:46,B07KYW9558,"Luxury Bath Towels 4 Pack 650 GSM, 34""x56"" Bath Towels Large - Dark Grey",Bumble Towels,Bumble Towels,,,,59.99,,69420,63968,58929,61.06,60.11,,,1055398,6,1,2018-02-09 08:00:00,2026-10-02 01:32:00,2026-10-01 08:23:00,
2026-10-02 02:02:46,B07M5V332T,"Bumble Kitchen Towels 6 Pack 100% Cotton Dish Towels, 16""x26"" - Tan",Bumble Towels,Bumble Towels,4008-TA,,,25.99,,1908,1717,1792,25.68,25.96,,,1055398,4,1,2018-12-24 08:00:00,2026-10-02 02:02:00,2026-09-07 08:20:00,
2026-10-02 02:02:46,B07M9LFFS8,"Bumble Kitchen Towels 6 Pack 100% Cotton Dish Towels - 16""x26"" - Blue",Bumble Towels,Bumble Towels,4008-BL,,,25.99,,1908,1717,1797,25.69,25.67,,,1055398,4,1,2018-12-24 08:00:00,2026-10-02 02:02:00,2026-09-07 14:37:00,
2026-10-02 02:02:46,B07MNGP42J,"Bumble Kitchen Towels 6 Pack 100% Cotton Dish Towels - 16""x26"" - Grey",Bumble Towels,Bumble Towels,4008-GR,,,25.99,,1908,1718,1797,25.68,25.95,,,1055398,4,1,2018-12-24 08:00:00,2026-10-02 02:02:00,2026-09-07 09:19:00,
2026-10-02 02:02:46,B07P5TXVM2,"Bumble Kitchen Towels 6 Pack 100% Cotton 16""x26"" - Red Solid",Bumble Towels,Bumble Towels,4010-RD,,,19.99,,153733,195079,180751,19.99,19.98,,,1055398,5,-1,2019-02-27 17:35:00,2026-10-01 08:23:00,2026-07-20 17:16:00,
2026-10-02 02:02:46,B07QWMR736,"Bumble Kitchen Towels (6-Pack), 16""x28"", 100% Cotton Dish Towels - Gray",Bumble Towels,BUMBLE TOWELS,4006-GY,,,23.99,,425,420,520,23.72,24.0,,,1055398,4,1,2019-04-22 07:00:00,2026-10-02 00:43:00,2026-09-28 08:51:00,
2026-10-02 02:02:46,B07QXLSQ33,"Bumble Kitchen Towels 6 Pack 100% Cotton Dish Towels, 16""x26"" - Tan",Bumble Towels,Bumble Towels,NOVASAT-14010-14-6,,,25.99,,1909,1724,1797,25.68,25.71,,,1055398,3,1,2019-04-22 07:00:00,2026-10-02 00:25:00,2026-09-07 08:48:00,
2026-10-02 02:02:46,B07QYP49RP,"Bumble Kitchen Towels (6-Pack), 16""x28"", 100% Cotton Dish Towels - Black",Bumble Towels,BUMBLE TOWELS,4006-BL,,,25.99,,425,421,521,24.77,25.25,,,1055398,4,1,2019-04-22 07:00:00,2026-10-02 00:30:00,2026-09-28 07:47:00,
2026-10-02 02:02:46,B07QZT3ST7,"Bumble Kitchen Towels 6 Pack 100% Cotton Dish Towels, 16""x26"" - Blue",Bumble Towels,Bumble Towels,4002-BL,,,23.99,,1908,1722,1796,24.01,24.69,,,1055398,4,1,2019-04-22 07:00:00,2026-10-02 00:45:00,2026-10-01 16:23:00,
2026-10-02 02:02:46,B07R1ZBWSB,"Bumble Kitchen Towels (6-Pack), 16""x28"", 100% Cotton Dish Towels - Tan",Bumble Towels,BUMBLE TOWELS,4006-TA,,,25.99,,425,420,520,24.79,25.25,,,1055398,4,1,2019-04-22 07:00:00,2026-10-02 00:30:00,2026-09-28 08:51:00,
2026-10-02 02:02:46,B07R2Q6VTQ,"Bumble Kitchen Towels 6 Pack 100% Cotton Dish Towels, 16""x26"" - Grey",Bumble Towels,Bumble Towels,4002-GY,,,25.99,,1908,1713,1793,25.69,25.95,,,1055398,3,1,2019-04-22 07:00:00,2026-10-02 00:58:00,2026-09-07 07:17:00,
2026-10-02 02:02:46,B07YN8PL2N,"Bumble Kitchen Towels (6-Pack), 16""x25"", 100% Cotton, Dish Towels Red",Bumble Towels,Bumble Towels,4014-RD,,,24.99,,15071,13266,14550,24.99,25.04,,,1055398,6,0,2019-10-02 07:00:00,2026-10-01 12:05:00,2026-08-26 17:09:00,
2026-10-02 02:02:46,B07YN8TWD2,"Bumble Kitchen Towels (6-Pack), 16""x25"", 100% Cotton, Dish Towels Gray",Bumble Towels,Bumble Towels,4014-GR,,,24.99,,15074,13309,14567,24.88,21.62,,,1055398,6,1,2019-10-02 07:00:00,2026-10-01 20:08:00,2026-09-02 17:04:00,
2026-10-02 02:02:46,B07YN8WYD6,"Bumble Kitchen Towels (6-Pack), 16""x25"", 100% Cotton, Dish Towels Aqua",Bumble Towels,Bumble Towels,4014-AQ,,,22.99,,15074,13298,14448,23.43,23.13,,,1055398,6,1,2019-10-02 07:00:00,2026-10-01 13:03:00,2026-09-09 04:40:00,
2026-10-02 02:02:46,B07YVHG44K,"Premium Kitchen Towels 6 Pack 100% Cotton, 20""x28"" Dish Towels - Aqua",Bumble Towels,Bumble Towels,4018-AQ,,,25.98,,132,171,176,26.07,26.11,,,1055398,5,1,2019-10-08 07:00:00,2026-10-01 23:33:00,2026-09-22 08:18:00,
2026-10-02 02:02:46,B07YVJ3SWJ,"Premium Kitchen Towels 6 Pack 100% Cotton, 20""x28"" Dish Towels - Grey",Bumble Towels,Bumble Towels,4018-GY,,,22.98,,132,171,175,23.81,23.11,,,1055398,5,1,2019-10-08 07:00:00,2026-10-02 00:32:00,2026-09-22 09:27:00,
2026-10-02 02:02:46,B081NWLZQW,"Premium Kitchen Towels (16”x 28”, 6 Pack) – Large Cotton Kitchen Hand Towels – Weft Insert Design – 380 GSM Highly Absorbent Tea Towels Set with Hanging Loop (Navy Blue)",Bumble Towels,Bumble Towels,4017-NB,,,,,593028,664072,660783,19.99,19.99,,,1055398,5,0,2019-11-18 18:14:00,2026-09-29 19:21:00,2026-09-17 01:39:00,
2026-10-02 02:02:46,B088335LSM,"Bumble Kitchen Towels (6-Pack), 16""x28"", 100% Cotton Dish Towels - Aqua",Bumble Towels,BUMBLE TOWELS,4006-AQ,,,23.99,,425,422,522,23.71,24.27,,,1055398,4,1,2019-04-22 07:00:00,2026-10-02 00:30:00,2026-09-28 07:47:00,
2026-10-02 02:02:46,B08BWWG87L,"Luxury Bath Towels 4 Pack 650 GSM, 34""x56"" Bath Towels Large - Sky Blue",Bumble Towels,Bumble Towels,,,,66.99,,69420,61489,58269,64.03,61.12,,,1055398,5,1,2019-01-25 08:00:00,2026-10-01 08:19:00,2026-09-27 08:10:00,
2026-10-02 02:02:46,B08CVC1447,"Pleasant Home 6 Pack Hand Towels Set – 16” x 28” | 100% Cotton | 500 GSM | Professional Bath Towels Use for Hotels, Hospitality, Spas, Salons | Lightweight & Durable | Bath Towels Set | Navy",PH Pleasant Home,PH Pleasant Home,,,,17.99,,1979816,1539383,1689578,17.99,17.99,,,1055398,6,-1,2020-07-13 08:10:00,2026-09-28 18:04:00,2026-05-08 05:32:00,
2026-10-02 02:02:46,B08DV991BD,"Premium Kitchen Towels 6 Pack 100% Cotton, 20""x28"" Dish Towels - Tan",Bumble Towels,Bumble Towels,4018-TA,,,24.98,,132,171,175,25.82,25.67,,,1055398,5,1,2020-07-02 10:49:00,2026-10-02 01:50:00,2026-09-22 17:51:00,
2026-10-02 02:02:46,B08DV9L919,"Premium Kitchen Towels 6 Pack 100% Cotton, 20""x28"" Dish Towels - Red",Bumble Towels,Bumble Towels,,,,24.98,,132,170,175,25.78,25.74,,,1055398,5,1,2020-07-02 10:49:00,2026-10-02 01:40:00,2026-09-22 13:22:00,
2026-10-02 02:02:46,B08DV9PRT2,"Premium Kitchen Towels 6 Pack 100% Cotton, 20""x28"" Dish Towels - Sage",Bumble Towels,Bumble Towels,,,,24.98,,132,171,175,25.76,25.64,,,1055398,5,1,2020-07-02 10:49:00,2026-10-02 01:40:00,2026-09-22 11:20:00,
2026-10-02 02:02:46,B08DVBMXXW,"Premium Kitchen Towels 6 Pack 100% Cotton, 20""x28"" Dish Towels - Navy Blue",Bumble Towels,Bumble Towels,,,,25.98,,132,171,175,26.08,26.15,,,1055398,5,1,2020-07-02 10:49:00,2026-10-02 01:40:00,2026-09-22 08:18:00,
2026-10-02 02:02:46,B08G1CSJC2,"Premium Kitchen Towels 6 Pack 100% Cotton 20""x28"" Dish Towels - Sage Wide",Bumble Towels,Bumble Towels,,,,24.98,,132,171,176,25.1,25.06,,,1055398,5,1,2022-05-10 18:17:00,2026-10-02 01:40:00,2026-09-22 07:15:00,
2026-10-02 02:02:46,B08G1DDD4X,"Premium Kitchen Towels 6 Pack 100% Cotton 20""x28"" Dish Towels - Red Wide",Bumble Towels,Bumble Towels,sa-vfbv-54,,,24.98,,132,171,176,25.15,25.1,,,1055398,5,1,2022-05-10 18:20:00,2026-10-02 01:39:00,2026-09-22 15:24:00,
2026-10-02 02:02:46,B08G1DLKQB,"Premium Kitchen Towels 6 Pack 100% Cotton, 20""x28"" Dish Towels - Grey Check",Bumble Towels,Bumble Towels,,,,24.98,,132,171,176,25.77,25.46,,,1055398,5,1,2020-11-13 20:30:00,2026-10-02 00:25:00,2026-09-22 10:21:00,
2026-10-02 02:02:46,B08G1DLM7N,"Premium Kitchen Towels 6 Pack 100% Cotton 20""x28"" Dish Towels - Grey Wide",Bumble Towels,Bumble Towels,,,,24.98,,602,715,755,25.14,25.12,,,1055398,6,1,2020-11-13 20:31:00,2026-10-01 23:37:00,2026-09-22 12:22:00,
2026-10-02 02:02:46,B08G1DY5BV,"Premium Kitchen Towels 6 Pack 100% Cotton 20""x28"" Dish Towels Yellow Stripe",Bumble Towels,Bumble Towels,HT3,,,23.98,,132,171,175,25.44,24.92,,,1055398,6,1,2020-08-17 07:56:00,2026-10-01 23:38:00,2026-09-22 11:19:00,
2026-10-02 02:02:46,B08G1F2PFG,"Premium Kitchen Towels 6 Pack 100% Cotton 20""x28"" Dish Towels Red Striped",Bumble Towels,Bumble Towels,,,,24.98,,132,171,175,25.75,25.56,,,1055398,5,1,2020-08-17 07:56:00,2026-10-02 01:39:00,2026-09-22 10:18:00,
2026-10-02 02:02:46,B08G1F5JMQ,"Premium Kitchen Towels 6 Pack 100% Cotton 20""x28"" Dish Towels - Aqua Wide",Bumble Towels,Bumble Towels,,,,23.98,,601,718,754,24.79,24.63,,,1055398,7,1,2022-05-10 18:21:00,2026-10-02 00:43:00,2026-09-22 08:18:00,
2026-10-02 02:02:46,B08G1F7DZN,"Premium Kitchen Towels 6 Pack 100% Cotton 20""x28"" Dish Towels - Yellow Wide",Bumble Towels,Bumble Towels,,,,23.98,,132,171,175,24.81,24.71,,,1055398,5,1,2022-05-10 18:23:00,2026-10-02 01:40:00,2026-09-22 12:36:00,
2026-10-02 02:02:46,B08G1FFV96,"Premium Kitchen Towels 6 Pack 100% Cotton, 20""x28"" Dish Towels Lime Check",Bumble Towels,Bumble Towels,,,,24.98,,132,171,175,25.76,25.82,,,1055398,5,1,2020-08-17 08:13:00,2026-10-02 01:39:00,2026-09-22 08:18:00,
2026-10-02 02:02:46,B08G1FH467,"Premium Kitchen Towels 6 Pack 100% Cotton, 20""x28"" Dish Towels - Teal Check",Bumble Towels,Bumble Towels,,,,24.98,,132,171,175,25.79,25.83,,,1055398,5,1,2020-08-17 08:13:00,2026-10-02 01:40:00,2026-09-22 15:14:00,
2026-10-02 02:02:46,B08G1FT42S,"Premium Kitchen Towels 6 Pack 100% Cotton 20""x28"" Dish Towels Grey Striped",Bumble Towels,Bumble Towels,,,,23.98,,132,171,175,25.43,24.92,,,1055398,5,1,2020-08-17 07:56:00,2026-10-02 01:39:00,2026-09-22 08:18:00,
2026-10-02 02:02:46,B08G1G3W5J,"Premium Kitchen Towels 6 Pack 100% Cotton 20""x28"" Dish Towels Navy Striped",Bumble Towels,Bumble Towels,,,,24.98,,132,171,176,25.75,25.42,,,1055398,6,1,2020-08-17 07:56:00,2026-10-02 01:40:00,2026-09-22 08:18:00,
2026-10-02 02:02:46,B08G1G8Y1Q,"Premium Kitchen Towels 6 Pack 100% Cotton 20""x28"" Dish Towels Black Check",Bumble Towels,Bumble Towels,,,,23.98,,132,171,176,25.48,25.35,,,1055398,5,1,2020-08-17 08:13:00,2026-10-01 22:14:00,2026-09-22 14:36:00,
2026-10-02 02:02:46,B08G1JM3NS,"Premium Kitchen Towels 6 Pack 100% Cotton, 20""x28"" Dish Towels - Red Check",Bumble Towels,Bumble Towels,chu-fang-177,,,24.98,,132,171,176,25.75,25.64,,,1055398,6,1,2020-11-13 20:19:00,2026-10-02 00:43:00,2026-09-27 13:04:00,
2026-10-02 02:02:46,B08HLXPGZT,"Bumble Towels Bliss Luxury 2 Pack Banded Bath Mats - 22"" x 34"" - Premium Quality Bath Mat Set - 1000 GSM - Soft Combed Cotton, Absorbent (Sky Blue)",Bumble Towels,Bumble Towels,,,,21.99,,69420,62049,58410,21.99,21.98,,,1055398,7,0,2020-09-07 09:46:00,2026-10-01 08:19:00,2026-09-16 20:13:00,
2026-10-02 02:02:46,B08HM18F91,"Bumble Towels Bliss Luxury 2 Pack Banded Bath Mats - 22"" x 34"" - Premium Quality Bath Mat Set - 1000 GSM - Soft Combed Cotton, Absorbent (Mocha)",Bumble Towels,Bumble Towels,,,,21.99,,69420,62355,58387,21.99,21.99,,,1055398,7,1,2020-09-07 09:46:00,2026-10-01 10:10:00,2026-08-07 22:43:00,
2026-10-02 02:02:46,B08HS8GTDJ,"Pleasant Home Bath Towels Set of 6 (24” x 50”) 100% Cotton, Gray",PH Pleasant Home,PH Pleasant Home,1110-GY,,,33.99,,68522,80718,66674,33.99,33.99,,,1055398,4,1,2020-09-10 18:42:00,2026-10-02 01:11:00,2026-09-29 19:42:00,
2026-10-02 02:02:46,B08HS8J2GZ,"Pleasant Home Bath Towels Set of 6 (24” x 50”) 100% Cotton, White",PH Pleasant Home,PH Pleasant Home,1110-WH,,,33.99,,68522,80624,66901,33.99,33.99,,,1055398,4,1,2020-09-11 22:42:00,2026-09-30 19:25:00,2026-05-27 00:44:00,
2026-10-02 02:02:46,B08HS8WC6B,"Pleasant Home Bath Towels Set of 6 (24” x 50”) 100% Cotton, Navy",PH Pleasant Home,PH Pleasant Home,1110-NY,,,33.99,,68522,80473,66737,33.99,33.99,,,1055398,4,1,2020-09-10 18:42:00,2026-09-30 19:19:00,2026-06-06 13:42:00,
2026-10-02 02:02:46,B08KG34TRV,"Bumble Dish Cloths (8-Pack), 100% Cotton Kitchen Towels, 12""x12"" - Black",Bumble Towels,BUMBLE TOWELS,3065-BK,,,11.99,,425,423,524,11.98,12.06,,,1055398,4,1,2020-09-30 12:47:00,2026-10-02 00:30:00,2026-09-28 08:51:00,
2026-10-02 02:02:46,B08KG5TRHS,"Bumble Dish Cloths (8-Pack), 100% Cotton Kitchen Towels, 12""x12"" - Gray",Bumble Towels,BUMBLE TOWELS,3065-GY,,,11.99,,425,420,521,11.09,11.55,,,1055398,4,1,2020-09-30 12:47:00,2026-10-02 02:00:00,2026-09-28 07:45:00,
2026-10-02 02:02:46,B08KGDFY6Z,"Bumble Dish Cloths (8-Pack), 100% Cotton Kitchen Towels, 12""x12"" - Tan",Bumble Towels,BUMBLE TOWELS,3065-TA,,,11.99,,425,422,523,11.98,12.09,,,1055398,5,1,2020-09-30 05:47:00,2026-10-02 02:03:00,2026-09-28 08:23:00,
2026-10-02 02:02:46,B08KH2M9PJ,"Bumble Dish Cloths (8-Pack), 100% Cotton Kitchen Towels, 12""x12"" - Aqua",Bumble Towels,BUMBLE TOWELS,3065-AQ,,14.99,11.99,,425,423,523,11.98,12.09,,,1055398,5,1,2020-09-30 12:47:00,2026-10-02 01:40:00,2026-09-28 07:48:00,
2026-10-02 02:02:46,B08KHRYFFK,"Bumble Kitchen Towels (6-Pack), 16""x28"", 100% Cotton Dish Towels - Red",Bumble Towels,BUMBLE TOWELS,4006-RD,,,25.99,,425,419,522,24.79,25.27,,,1055398,4,1,2019-04-22 07:00:00,2026-10-02 02:03:00,2026-09-28 07:47:00,
2026-10-02 02:02:46,B08KJ5CD3M,"Bumble Kitchen Towels (6-Pack), 16""x25"", 100% Cotton, Dish Towels Tan",Bumble Towels,Bumble Towels,4014-TA,,,22.99,,15074,13297,14530,23.39,24.32,,,1055398,7,1,2019-10-02 21:54:00,2026-10-02 02:03:00,2026-09-08 02:11:00,
